{"azimuth": -148.6508266343002, "elevation": 141.64289187678264, "distance": 1931.257794998603, "focalpoint": 